📄322,606-81-57969
📄10,615-13-63660
📄204,609-81-55261
📄18,615-86-12132
📄22,615-81-31129
📄11,615-81-16564
📄12,606-81-96074
📄13,622-01-86178
📄15,615-81-49390
📄17,615-19-44549
📄19,615-81-92373
📄23,606-81-16895
📄30,615-81-49503
📄33,552-81-01659
📄329,617-81-33588
📄1,406-81-04294
📄31,615-81-90429
📄41,601-81-24293
📄80,622-81-11378
📄101,615-81-79477
📄38,615-81-88675
📄98,461-87-01165
📄44,615-81-41189
📄56,609-21-91808
📄74,615-81-48407
📄95,615-81-44702
📄113,615-86-07828
📄121,113-81-84760
📄131,615-81-58356
📄330,621-81-14071
📄805,609-24-71332
📄42,615-07-45341
📄132,615-81-50960
📄51,606-81-57538
📄57,615-81-40273
📄60,615-81-41006
📄69,622-81-11039
📄75,603-81-44150
📄84,615-81-63387
📄90,615-81-91302
📄108,615-81-12855
📄123,615-81-35353
📄129,615-81-27964
📄135,615-81-50470
📄265,622-81-13774
📄333,621-81-35886
📄46,606-39-90839
📄103,609-81-66297
📄124,622-81-22007
📄55,615-81-19504
📄61,606-81-95774
📄73,615-81-36987
📄79,615-81-47446
📄88,609-81-63965
📄91,603-81-20726
📄94,615-81-27149
📄100,615-81-57997
📄106,606-14-65152
📄112,152-27-00690
📄139,621-81-67767
📄156,621-03-99204
📄336,621-81-29496
📄147,607-63-64381
📄159,621-19-61219
📄189,707-88-00133
📄162,621-81-78513
📄170,114-81-65558
📄171,613-22-53590
📄173,608-81-19511
📄174,622-81-05575
📄195,609-81-86764
📄207,615-81-09665
📄210,608-81-55609
📄222,610-81-72071
📄228,505-81-14648
📄237,540-81-00282
📄341,606-14-41830
📄209,608-81-63185
📄218,823-88-02530
📄3,615-81-60639
📄143,112-18-95052
📄158,621-81-28181
📄167,608-81-67274
📄176,609-81-72896
📄182,606-81-89855
📄188,609-86-13965
📄206,608-81-62890
📄212,608-81-65335
📄221,505-81-11603
📄230,709-87-01145
📄364,620-81-30928
📄142,621-81-45860
📄7,606-81-55864
📄145,615-81-88447
📄154,621-81-98222
📄157,621-81-64789
📄163,621-81-04608
📄166,802-88-02173
📄169,613-81-64570
📄175,214-87-82198
📄187,609-50-61508
📄190,609-81-24472
📄193,609-81-61711
📄208,608-81-19942
📄223,505-10-37132
📄244,409-81-26040
📄347,603-81-52397
📄812,606-03-42342
📄20,622-12-63531
📄257,321-88-02859
📄263,606-86-03207
📄266,606-86-46036
📄272,866-56-00687
📄284,615-81-72926
📄287,606-13-85199
📄290,603-81-06909
📄302,606-03-54057
📄308,615-05-27937
📄311,606-45-76537
📄314,297-68-00282
📄317,606-86-49523
📄21,606-81-92495
📄321,606-81-84321
📄324,606-86-36479
📄246,408-86-09548
📄820,621-81-91554
📄252,606-81-23101
📄258,606-86-48432
📄339,606-86-57644
📄261,606-86-30586
📄273,524-88-01992
📄276,773-88-00746
📄288,603-81-07591
📄297,742-86-00689
📄303,606-86-00699
📄309,606-81-82565
📄318,606-86-07203
📄828,621-19-85981
📄319,603-81-14205
📄337,606-81-16731
📄29,606-81-15300
📄247,410-86-34472
📄256,606-86-12308
📄342,606-86-28080
📄346,603-81-06627
📄259,606-81-71715
📄262,606-81-88889
📄271,606-81-57125
📄274,332-81-00696
📄280,615-81-87036
📄283,606-81-21103
📄289,606-86-22295
📄298,603-81-81140
📄829,606-81-87745
📄331,617-86-15135
📄27,615-81-52745
📄348,603-81-50991
📄630,615-81-48386
📄357,602-81-32423
📄366,620-81-37538
📄369,505-81-62062
📄372,620-81-24936
📄381,621-02-31134
📄387,411-81-56789
📄607,606-86-56887
📄612,414-86-00542
📄617,615-81-57454
📄637,620-81-02515
📄642,615-12-39479
📄838,612-81-26248
📄327,621-81-08360
📄359,610-81-25898
📄4,609-86-17205
📄638,606-86-44853
📄172,514-81-98564
📄371,610-81-37467
📄219,470-87-01363
📄631,655-55-00299
📄304,365-17-02053
📄377,620-81-12099
📄386,411-81-10236
📄389,402-81-88083
📄608,606-86-30344
📄613,713-81-00920
📄623,615-81-40967
📄49,615-81-34164
📄323,606-86-18637
📄367,505-11-54346
📄847,612-81-14795
📄376,610-81-33200
📄181,608-81-72200
📄54,606-81-37357
📄59,607-46-72453
📄184,609-81-37512
📄632,343-86-00783
📄385,416-81-13617
📄391,133-81-30593
📄202,609-86-00418
📄614,668-86-00246
📄619,609-81-99634
📄639,606-28-85780
📄353,603-81-27113
📄569,606-86-58696
📄610,379-86-01253
📄849,615-86-09020
📄615,615-81-02018
📄6,615-81-45905
📄620,547-87-00908
📄633,134-86-78713
📄82,605-81-91800
📄50,609-14-47570
📄81,615-81-27474
📄220,505-14-33696
📄134,622-81-02807
📄155,621-81-69275
📄180,608-81-72118
📄254,606-81-24755
📄363,610-81-40716
📄373,701-88-00528
📄583,172-87-00117
📄628,615-15-93912
📄2,615-81-18811
📄634,149-81-01884
📄640,609-86-04087
📄338,606-86-17832
📄224,620-81-35582
📄109,622-81-23990
📄66,622-81-25192
📄183,609-81-02070
📄194,609-81-76913
📄231,505-10-10962
📄295,606-81-25088
📄340,606-86-41424
📄249,606-81-26340
📄351,603-81-28937
📄370,690-30-00270
📄584,606-86-29245
📄39,615-81-86793
📄591,606-86-44493
📄641,464-86-00396
📄25,615-81-11045
📄110,622-03-30722
📄133,621-81-62952
📄138,619-81-03305
📄217,505-81-52808
📄264,606-08-27098
📄268,615-81-17812
📄315,606-86-43489
📄350,603-81-23984
📄388,402-81-25676
📄636,840-87-02843
📄35,606-81-28580
📄36,559-88-00572
📄43,615-81-49653
📄89,609-81-47500
📄104,468-88-00863
📄111,622-13-68983
📄146,621-81-97219
📄168,613-06-78868
📄191,609-81-76908
📄226,609-81-93299
📄232,531-81-01012
📄238,505-81-57012
📄325,606-81-24681
📄606,622-81-22540
📄361,620-81-47716
📄375,615-81-90472
📄380,610-86-25350
📄810,615-81-10255
📄77,606-81-14505
📄26,615-86-03652
📄127,645-86-01223
📄114,615-86-13387
📄152,111-13-34019
📄164,603-81-36984
📄201,552-86-00316
📄233,505-81-79660
📄245,574-87-00365
📄248,504-81-14174
📄267,606-81-80062
📄299,606-81-14596
📄28,615-81-82012
📄344,606-29-41173
📄354,603-81-79697
📄37,603-81-80312
📄286,603-81-49887
📄313,615-86-01881
📄32,615-81-92882
📄67,615-81-22256
📄76,622-81-04182
📄97,517-88-00321
📄136,615-81-56625
📄161,621-86-10177
📄179,608-34-69074
📄186,344-59-00096
📄215,620-81-24144
📄277,484-87-01436
📄328,514-81-33445
📄343,606-11-18788
📄345,622-81-02199
📄382,622-81-18309
📄16,615-81-58088
📄358,621-81-51611
📄383,314-81-19576
📄165,621-81-91291
📄87,609-13-56183
📄128,615-81-18164
📄291,606-81-87352
📄199,608-81-94451
📄255,606-86-19086
📄293,603-81-20880
📄307,606-81-58589
📄8,615-81-49347
📄92,615-81-68062
📄205,609-81-79905
📄335,621-81-13956
📄93,622-81-11441
📄356,848-86-00672
📄360,610-81-97558
📄378,610-81-84276
📄105,622-81-17047
📄160,621-81-50382
📄197,608-01-89408
📄234,620-06-86804
📄270,606-86-49896
📄292,516-88-00110
📄312,615-81-95934
📄320,603-81-37585
📄332,621-81-14159
📄352,603-81-09681
📄368,610-81-44274
📄510,602-81-45914
📄45,622-81-05973
📄115,615-81-60129
📄117,582-12-00806
📄126,622-81-14924
📄140,606-81-16518
📄144,615-81-35654
📄148,336-81-01080
📄216,505-81-83053
📄229,620-81-13555
📄294,606-81-57746
📄751,609-81-33398
📄236,603-81-90237
📄768,609-81-01770
📄773,609-81-74929
📄775,615-81-48601
📄781,609-86-24725
📄783,606-86-35015
📄785,609-81-41582
📄787,609-81-61711
📄789,401-88-00249
📄791,609-86-09985
📄769,827-81-00291
📄793,120-81-68604
📄771,609-81-37486
📄740,608-81-32886
📄782,609-15-27834
📄365,610-81-45254
📄792,879-88-00160
📄47,622-81-19216
📄788,609-81-06116
📄726,609-81-15823
📄772,615-86-15411
📄774,615-81-56722
📄786,232-86-01430
📄790,609-81-07075
📄796,116-02-13314
📄799,609-15-28492
📄794,606-86-06728
📄745,609-81-02992
📄784,609-81-56921
📄780,609-86-04087
📄374,621-81-68562
📄757,202-81-16825
📄808,609-06-37081
📄806,615-17-76178
📄813,605-81-34022
📄71,615-81-65560
📄818,621-81-67414
📄78,112-87-01341
📄761,609-81-67146
📄797,858-76-00442
📄823,621-81-57444
📄746,239-88-00396
📄831,603-81-37514
📄834,606-11-92982
📄850,719-86-02498
📄744,609-81-40128
📄326,621-81-83068
📄334,621-81-14256
📄355,602-81-42993
📄851,615-81-40671
📄14,615-81-72421
📄24,615-86-02968
📄72,606-34-47910
📄85,615-86-12767
📄125,615-18-77121
📄198,380-81-00813
📄200,255-86-00531
📄211,608-81-41366
📄225,620-81-25013
📄235,255-86-01087
📄251,603-81-47346
📄306,606-81-94741
📄349,238-86-00536
📄814,615-81-69663
📄733,608-34-06031
📄819,621-01-92570
📄824,610-81-93571
📄832,606-86-31004
📄846,612-81-37347
📄34,615-81-20961
📄759,578-87-00896
📄102,609-81-55067
📄758,609-86-09398
📄798,608-81-78505
📄770,609-86-10070
📄764,609-81-81774
📄801,609-17-75266
📄379,610-81-44406
📄645,312-81-75062
📄648,660-81-00816
📄747,609-81-62781
📄40,835-87-01139
📄301,606-33-92698
📄48,615-81-57231
📄214,505-81-15652
📄5,615-81-96684
📄53,615-86-14936
📄96,609-04-79597
📄122,615-81-60584
📄227,620-12-42506
📄269,603-81-29289
📄275,606-81-74895
📄384,610-81-53088
📄52,609-81-23871
📄809,620-81-09463
📄815,621-81-33573
📄830,621-08-38712
📄748,609-86-02304
📄833,606-44-82293
📄762,609-04-47509
📄802,608-07-80113
📄835,621-86-12928
📄836,621-81-01580
📄837,606-86-01607
📄839,612-81-23203
📄727,608-81-55841
📄760,609-81-59777
📄683,609-12-83102
📄816,621-81-71524
📄732,608-81-94558
📄821,783-81-00142
📄827,621-81-99819
📄736,608-81-76792
📄752,609-81-04684
📄767,827-86-00393
📄706,609-81-39956
📄737,608-81-28155
📄755,609-81-32161
📄664,609-81-42562
📄756,608-81-51243
📄763,491-81-01091
📄803,609-15-19896
📄804,609-17-32331
📄811,613-16-97791
📄817,621-81-69260
📄822,621-81-65624
📄713,609-86-10139
📄58,606-81-60799
📄663,608-81-73403
📄678,609-86-01149
📄766,609-81-58711
📄62,615-81-40894
📄731,608-81-33696
📄750,608-81-35239
📄650,608-81-84725
📄754,344-59-00096
📄753,609-81-40093
📄63,606-86-59981
📄64,615-81-67874
📄65,615-81-80445
📄310,166-81-00309
📄68,622-81-10627
📄70,615-14-49613
📄83,615-81-64708
📄86,615-81-46637
📄99,622-11-68427
📄107,615-81-58109
📄116,615-81-39441
📄118,603-81-49193
📄119,621-81-11526
📄149,621-81-71257
📄120,622-81-10966
📄130,440-81-00153
📄807,609-81-09165
📄137,622-81-00513
📄141,609-03-82213
📄390,405-81-04025
📄825,621-81-86314
📄150,621-81-68596
📄840,615-81-06111
📄842,609-86-15809
📄843,609-81-48120
📄844,612-81-22785
📄845,612-81-31396
📄848,612-81-22859
📄151,459-87-01269
📄177,609-81-08128
📄196,609-81-06116
📄203,609-81-20888
📄213,514-81-50328
📄239,505-81-49040
📄240,505-81-43992
📄241,404-87-00799
📄242,463-88-02094
📄243,410-86-15664
📄250,606-81-92461
📄253,792-87-01467
📄260,606-86-26888
📄279,317-81-48162
📄281,606-81-59157
📄282,606-86-03982
📄285,606-81-93024
📄296,606-81-88706
📄300,606-81-07362
📄305,606-86-27892
📄316,606-86-40143
📄611,615-81-56867
📄618,151-86-00976
📄621,622-81-25528
📄658,608-81-94989
📄728,608-17-20055
📄730,608-81-75677
📄735,608-81-93582
📄741,609-81-17646
📄742,609-81-23416
📄743,609-81-90517
📄749,608-81-58004
📄765,609-81-51552
📄795,622-81-10156
📄800,609-52-67151
